Pun10_dupsRemoved.bam	9853609
Pun11_dupsRemoved.bam	14195031
Pun12_dupsRemoved.bam	16077556
Pun13_dupsRemoved.bam	9935851
Pun14_dupsRemoved.bam	5814604
Pun15_dupsRemoved.bam	5223145
Pun16_dupsRemoved.bam	12343205
Pun17_dupsRemoved.bam	18285274
Pun18_dupsRemoved.bam	16548625
Pun19_dupsRemoved.bam	12673796
Pun1_dupsRemoved.bam	17555833
Pun20_dupsRemoved.bam	12804404
Pun21_dupsRemoved.bam	12081069
Pun22_dupsRemoved.bam	12434557
Pun23_dupsRemoved.bam	12065918
Pun24_dupsRemoved.bam	8985537
Pun25_dupsRemoved.bam	15020382
Pun26_dupsRemoved.bam	17556785
Pun27_dupsRemoved.bam	21107268
Pun28_dupsRemoved.bam	18517286
Pun29_dupsRemoved.bam	17741591
Pun2_dupsRemoved.bam	7299285
Pun30_dupsRemoved.bam	12388728
Pun3_dupsRemoved.bam	16990963
Pun4_dupsRemoved.bam	10441273
Pun5_dupsRemoved.bam	9817619
Pun6_dupsRemoved.bam	11871477
Pun7_dupsRemoved.bam	9597478
Pun8_dupsRemoved.bam	5234018
Pun9_dupsRemoved.bam	24989494
Sin10_dupsRemoved.bam	22018327
Sin11_dupsRemoved.bam	16350007
Sin12_dupsRemoved.bam	17710555
Sin13_dupsRemoved.bam	14219658
Sin14_dupsRemoved.bam	10344416
Sin15_dupsRemoved.bam	10572008
Sin16_dupsRemoved.bam	9533638
Sin17_dupsRemoved.bam	29928659
Sin18_dupsRemoved.bam	31159934
Sin19_dupsRemoved.bam	23182055
Sin1_dupsRemoved.bam	12008593
Sin20_dupsRemoved.bam	28336818
Sin21_dupsRemoved.bam	26329356
Sin22_dupsRemoved.bam	24549474
Sin2_dupsRemoved.bam	13079888
Sin3_dupsRemoved.bam	17204883
Sin4_dupsRemoved.bam	16198971
Sin5_dupsRemoved.bam	9346770
Sin6_dupsRemoved.bam	16064540
Sin7_dupsRemoved.bam	11307526
Sin8_dupsRemoved.bam	5279290
Sin9_dupsRemoved.bam	19205211
Tym10_dupsRemoved.bam	17657146
Tym11_dupsRemoved.bam	25238933
Tym12_dupsRemoved.bam	25404074
Tym13_dupsRemoved.bam	12836790
Tym14_dupsRemoved.bam	12878471
Tym15_dupsRemoved.bam	20964999
Tym16_dupsRemoved.bam	9871303
Tym18_dupsRemoved.bam	21463126
Tym19_dupsRemoved.bam	16515656
Tym20_dupsRemoved.bam	16501316
Tym22_dupsRemoved.bam	13485594
Tym23_dupsRemoved.bam	12186524
Tym24_dupsRemoved.bam	10732713
Tym25_dupsRemoved.bam	26313544
Tym26_dupsRemoved.bam	18957986
Tym2_dupsRemoved.bam	17462957
Tym3_dupsRemoved.bam	16808284
Tym4_dupsRemoved.bam	10724112
Tym5_dupsRemoved.bam	12248072
Tym6_dupsRemoved.bam	7337573
Tym7_dupsRemoved.bam	14700492
Tym8_dupsRemoved.bam	9633298
Tym9_dupsRemoved.bam	20762368
